{
  "insertColons": true,
  "insertSemicolons": false,
  "insertBraces": false,
  "insertNewLineAroundImports": true,
  "insertNewLineAroundBlocks": true,
  "insertNewLineAroundProperties": false,
  "insertNewLineAroundOthers": false,
  "insertNewLineBetweenSelectors": true,
  "insertSpaceBeforeComment": true,
  "insertSpaceAfterComment": true,
  "insertSpaceAfterComma": true,
  "insertSpaceInsideParenthesis": false,
  "insertParenthesisAroundIfCondition": false,
  "insertNewLineBeforeElse": false,
  "insertParenthesisAroundNegatedVariable": false,
  "insertLeadingZeroBeforeFraction": false,
  "quoteChar": "'",
  "sortProperties": "grouped",
  "alwaysUseImport": false,
  "alwaysUseNot": false,
  "alwaysUseAtBlock": false,
  "alwaysUseExtends": false,
  "alwaysUseNoneOverZero": false,
  "alwaysUseZeroWithoutUnit": true,
  "reduceMarginAndPaddingValues": true
}